{
  "projectName" : "carsegmentation",
  "projectType" : "SEGMENTATION",
  "projectDescription" : "Test Car Segmentation Project",
  "comment" : "Default Comment",
  "createdDate" : "2019/03/19 13:45:53",
  "modifyDate" : "2019/03/19 13:46:44",
  "classes" : 2,
  "projectPath" : "C:\\Users\\sumit\\Documents\\ACTIVESEGMENTATION",
  "pluginPath" : "C:\\Users\\sumit\\Documents\\ACTIVESEGMENTATION\\ij150-win-java8\\ImageJ\\plugins\\activeSegmentation\\",
  "trainingStack" : null,
  "testingStack" : null,
  "filters" : [ ],
  "featureList" : [ {
    "key" : "fb3726a4-6eed-421d-8a17-ea2e71bc51e7",
    "label" : "label0",
    "zipFile" : "ROISETfb3726a4-6eed-421d-8a17-ea2e71bc51e7.zip",
    "color" : -16776961,
    "trainingList" : {
      "cars1_011.jpg" : [ "0299-0370", "0301-0293", "0297-0077" ]
    },
    "testingList" : { }
  }, {
    "key" : "2ac07c32-6af9-466d-b2f9-efb7527890ee",
    "label" : "label1",
    "zipFile" : "ROISET2ac07c32-6af9-466d-b2f9-efb7527890ee.zip",
    "color" : -16711936,
    "trainingList" : {
      "cars1_011.jpg" : [ "0153-0225", "0409-0139" ]
    },
    "testingList" : { }
  } ],
  "learning" : { },
  "featureSelection" : null
}